{"selected_locations": [[25.0, -101.15658482622928], [25.252525252525253, -101.1567881247619], [25.505050505050505, -101.147671426062], [25.757575757575758, -101.1292347301296], [26.01010101010101, -101.1014780369647], [26.262626262626263, -101.06440134656731], [26.515151515151516, -101.01800465893743], [26.767676767676768, -100.96228797407502], [27.02020202020202, -100.89725129198013], [27.272727272727273, -100.8228946126527], [33.58585858585859, -95.93497852890496], [33.83838383838384, -95.61830192153255], [34.09090909090909, -95.29230531692762], [34.343434343434346, -94.9569887150902], [35.85858585858586, -92.74936916218316], [36.111111111111114, -92.34881257971824], [36.86868686868687, -91.09122284892844], [38.888888888888886, -87.32757035525897], [39.39393939393939, -86.29345725951659], [39.64646464646465, -85.76242071579662], [49.494949494949495, -57.78239766936839], [49.74747474747475, -56.8785612363484], [50.0, -55.96540480609592]], "selected_hours": [12, 13, 14, 15, 16], "min_year": 2015}