{"selected_locations": [[25.0, -101.15658482622928], [27.272727272727273, -100.8228946126527], [27.525252525252526, -100.73921793609281], [33.83838383838384, -95.61830192153255], [34.09090909090909, -95.29230531692762], [34.343434343434346, -94.9569887150902], [34.5959595959596, -94.61235211602029], [34.84848484848485, -94.25839551971785]], "selected_hours": [12, 13, 14, 15, 16], "min_year": 2015, "maximum cloud cover": 40}